Designator,Footprint,Quantity,Value,LCSC Part #
C1,0805,1,4.7u,
"C2, C4",0603,2,DNP,
C3,1206,1,10µ,
"D1, D2, D3, D4, D5, D6",LED_SK6812MINI_PLCC4_3.5x3.5mm_P1.75mm,6,SK6812MINI,
D10,D_MiniMELF,1,LL4448 L1G,C183025
"D11, D12, D8, D9",0603,4,LED,
D7,0603,1,BAT,
"J1, J2, J3, J4",HW4-SMD-2.0-90D,4,Conn_01x04,
J5,PinHeader_1x10_P2.54mm_Vertical,1,Conn_01x10_Female,
J6,JST_PH_S2B-PH-K_1x02_P2.00mm_Horizontal,1,Conn_01x02_Male,C157932
J7,PinHeader_1x05_P2.54mm_Vertical,1,Conn_01x05_Female,
J8,U.FL_Hirose_U.FL-R-SMT-1_Vertical,1,Conn_Coaxial,
J9,PinHeader_2x03_P2.54mm_Vertical_SMD,1,Conn_02x03_Counter_Clockwise,
L1,0805,1,0,
Q2,SOT-23,1,DMG2301L,C102619
"R1, R4",0603,2,10k,
"R10, R11, R12, R3, R5, R6, R9",0603,7,1k,
"R7, R8",0603,2,22,
"SW1, SW3",SW_Push_1P1T_NO_CK_KMR2,2,SW_Push,C269272
SW4,SW_CuK_OS102011MA1QN1_SPDT_Angled,1,SW_Push_SPDT,C226259
TP1,PinHeader_1x01_P2.54mm_Vertical,1,TestPoint,
U1,RPi_Pico_SMD_TH,1,Pico,
U2,LoRa-E5,1,LoRa-E5,
U3,SOT-23-5,1,MCP73831-2-OT,C424093
