Designator,Footprint,Quantity,Value,LCSC Part #
C3,C_1206_3216Metric_Pad1.33x1.80mm_HandSolder,1,10µ,
"D1, D2, D3, D4, D5, D6",LED_WS2812B_PLCC4_5.0x5.0mm_P3.2mm,6,WS2812B,C114586
D10,D_MiniMELF,1,LL4448 L1G,C183025
D7,LED_0603_1608Metric_Pad1.05x0.95mm_HandSolder,1,BAT,
D8,LED_0603_1608Metric_Pad1.05x0.95mm_HandSolder,1,LED,
"J1, J2, J3, J4",Grove_SMD,4,Conn_01x04,
J5,PinSocket_1x08_P2.54mm_Vertical_SMD_Pin1Right,1,Conn_01x08_Female,
J6,JST_PH_S2B-PH-K_1x02_P2.00mm_Horizontal,1,Conn_01x02_Male,C157932
J7,PinSocket_1x07_P2.54mm_Vertical_SMD_Pin1Right,1,Conn_01x07_Female,
Q2,SOT-23,1,DMG2301L,C102619
"R1, R2, R3, R4",R_0805_2012Metric_Pad1.20x1.40mm_HandSolder,4,10k,
"R5, R6",R_0805_2012Metric_Pad1.20x1.40mm_HandSolder,2,1k,
"SW1, SW2, SW3",SW_Push_1P1T_NO_CK_KMR2,3,SW_Push,C269272
SW4,SW_CuK_OS102011MA1QN1_SPDT_Angled,1,SW_Push_SPDT,C226259
U1,RPi_Pico_SMD_TH,1,Pico,
U3,SOT-23-5,1,MCP73831-2-OT,C424093
